antecedents,consequents,antecedent support,consequent support,support,confidence,lift,representativity,leverage,conviction,zhangs_metric,jaccard,certainty,kulczynski
Organic Yellow Onion,Organic Strawberries,0.035491,0.082169,0.00521,0.14679777971880195,1.7865348211466847,1.0,0.0022937400209999998,1.0757484898451173,0.45645732878329515,0.04633170297910182,0.07041468387840676,0.10510184352805947
Organic Yellow Onion,Organic Baby Spinach,0.035491,0.075297,0.006191,0.1744385900650869,2.316673839131531,1.0,0.0035186341730000003,1.1200899035153584,0.5892600900062449,0.05918907808063329,0.10721452192226791,0.12832983064485204
Organic Yellow Onion,Organic Hass Avocado,0.035491,0.066512,0.00622,0.17525569862782112,2.6349485600766944,1.0,0.0038594226079999997,1.1318514095179528,0.6433179470997453,0.06493845463182402,0.11649180131701867,0.13438632898675154
Organic Cucumber,Organic Strawberries,0.025015,0.082169,0.005123,0.20479712172696382,2.492389121529577,1.0,0.003067542465,1.1542098564749648,0.6141412851418302,0.050195471335769785,0.13360642833698558,0.13357211780101308
Organic Cucumber,Organic Hass Avocado,0.025015,0.066512,0.005424,0.21682990205876476,3.2600117581604033,1.0,0.0037602023200000003,1.1919351906487672,0.7110392879049361,0.06299432075537438,0.16102821038809795,0.14918954809457363
Organic Baby Spinach,Organic Strawberries,0.075297,0.082169,0.011905,0.15810722870765104,1.9241712654121508,1.0,0.005717920807,1.0901994069756435,0.5194054111137981,0.0817870171268403,0.08273661350254136,0.1514957762396949
Organic Strawberries,Organic Baby Spinach,0.082169,0.075297,0.011905,0.14488432377173874,1.924171265412151,1.0,0.005717920807,1.0813776728765798,0.5232943122134277,0.0817870171268403,0.0752537017526046,0.1514957762396949
Large Lemon,Organic Baby Spinach,0.047525,0.075297,0.007038,0.14809047869542347,1.9667513804723091,1.0,0.003459510075,1.0854474294217897,0.5160737292154037,0.06078560077385477,0.0787209284445097,0.12078016902618498
Organic Avocado,Large Lemon,0.055168,0.047525,0.007574,0.13728973317865428,2.8887897565208687,1.0,0.0049521408,1.1040496869353278,0.6920111460575374,0.07962657302957347,0.09424366327583851,0.1483292432331988
Large Lemon,Organic Avocado,0.047525,0.055168,0.007574,0.1593687532877433,2.888789756520869,1.0,0.0049521408,1.12395536532252,0.6864582011620622,0.07962657302957347,0.11028495360841219,0.1483292432331988
Large Lemon,Organic Strawberries,0.047525,0.082169,0.005005,0.10531299316149395,1.2816633178144305,1.0,0.0010999182749999998,1.0258682567027282,0.23072930114584747,0.04013986799156301,0.025215963681215765,0.08311202117031238
Organic Blueberries,Organic Strawberries,0.031314,0.082169,0.007393,0.2360924825956441,2.87325490873254,1.0,0.004819959934,1.2014949180218217,0.6730381759008658,0.06968611556225845,0.16770351251553292,0.16303279340384744
Organic Baby Spinach,Organic Hass Avocado,0.075297,0.066512,0.01093,0.14515850565095556,2.1824408475306045,1.0,0.005921845936,1.092001272950425,0.5859150801802558,0.08351225177453983,0.08425015174373485,0.15474487707373374
Organic Hass Avocado,Organic Baby Spinach,0.066512,0.075297,0.01093,0.1643312484965119,2.182440847530604,1.0,0.005921845936,1.1065425126119968,0.5804010682386095,0.08351225177453983,0.09628415663895531,0.15474487707373374
Organic Strawberries,Organic Hass Avocado,0.082169,0.066512,0.0127,0.15455950540958266,2.3237837594657003,1.0,0.007234775471999999,1.104143941499086,0.620666941953366,0.09339540082805685,0.09432098260457837,0.1727512465705599
Organic Hass Avocado,Organic Strawberries,0.066512,0.082169,0.0127,0.19094298773153714,2.3237837594657003,1.0,0.007234775471999999,1.134445392700513,0.6102567574516222,0.09339540082805685,0.11851200028277226,0.1727512465705599
Organic Raspberries,Organic Strawberries,0.04268,0.082169,0.010475,0.2454311152764761,2.986906440098773,1.0,0.00696802708,1.216364759509393,0.6948621664278171,0.09158550020109464,0.17787818811576,0.18645614106994585
Organic Strawberries,Organic Raspberries,0.082169,0.04268,0.010475,0.12748116686341562,2.986906440098773,1.0,0.00696802708,1.0971912165592657,0.7247580972582947,0.09158550020109464,0.08858183978545903,0.18645614106994585
Organic Raspberries,Organic Hass Avocado,0.04268,0.066512,0.007983,0.1870431115276476,2.812170909424579,1.0,0.00514426784,1.1482626117531776,0.6731321146811479,0.07887638451125888,0.12911907976069067,0.15353328297094432
Organic Hass Avocado,Organic Raspberries,0.066512,0.04268,0.007983,0.12002345441424105,2.8121709094245793,1.0,0.00514426784,1.087892631686856,0.6903172146043188,0.07887638451125888,0.08079164168119442,0.15353328297094432
Organic Raspberries,Organic Baby Spinach,0.04268,0.075297,0.005585,0.1308575445173383,1.7378852347017584,1.0,0.0023713240399999996,1.0639257053511255,0.44351733040473584,0.049692148907395546,0.060084745607333706,0.10251524316720467
Limes,Large Lemon,0.043857,0.047525,0.008511,0.19406252137629112,4.083377619701023,1.0,0.006426696075,1.1818224431335935,0.7897403389062968,0.10270178952830304,0.1538492048361281,0.18657360682175944
Large Lemon,Limes,0.047525,0.043857,0.008511,0.17908469226722779,4.083377619701023,1.0,0.006426696075,1.1647279457374276,0.7927816445186313,0.10270178952830304,0.14143040556405034,0.18657360682175944
Limes,Organic Baby Spinach,0.043857,0.075297,0.006546,0.14925781517203637,1.9822544745745032,1.0,0.0032436994709999995,1.0869368141030795,0.5182529216861128,0.05813086104006819,0.07998331915440565,0.11809677483172518
Limes,Organic Hass Avocado,0.043857,0.066512,0.006247,0.14244020338828464,2.1415714966966055,1.0,0.003329983216,1.0885398355756448,0.557503616181305,0.05999692668216131,0.08133816759110415,0.11818155225945384
Organic Avocado,Limes,0.055168,0.043857,0.006983,0.1265770011600928,2.886129948699017,1.0,0.004563497024,1.0947078348863755,0.6916734983166994,0.07586753873231786,0.08651425692610079,0.14289950908496007
Limes,Organic Avocado,0.043857,0.055168,0.006983,0.15922201700982738,2.886129948699017,1.0,0.004563497024,1.1237592076802083,0.6834911250320964,0.07586753873231786,0.11012964951422834,0.14289950908496007
Limes,Organic Strawberries,0.043857,0.082169,0.005903,0.13459652963038968,1.6380451220093912,1.0,0.002299314167,1.0605816031775306,0.40738279368793884,0.04914129683740833,0.05712111448664261,0.10321813727317777
Organic Zucchini,Organic Baby Spinach,0.032886,0.075297,0.006392,0.19436842425348175,2.5813568170509016,1.0,0.0039157828580000005,1.1477988547595683,0.6334380746221492,0.06279533554047018,0.12876720877241854,0.13962946226950884
Organic Zucchini,Organic Hass Avocado,0.032886,0.066512,0.005224,0.1588517910356991,2.388317762745055,1.0,0.0030366863680000005,1.1097782650567567,0.6010617637159265,0.055471786267972056,0.0989190980877088,0.11869700449066649
Limes,Organic Cilantro,0.043857,0.021847,0.005604,0.12777891784663792,5.848808433498326,1.0,0.004645856120999999,1.1214507651948868,0.8670512713551459,0.09324459234608984,0.1082979021141252,0.192145054657287
Organic Cilantro,Limes,0.021847,0.043857,0.005604,0.2565111914679361,5.848808433498326,1.0,0.004645856120999999,1.286022047712861,0.8475412371554586,0.09324459234608984,0.22240835467909728,0.192145054657287
Organic Avocado,Organic Baby Spinach,0.055168,0.075297,0.009803,0.17769359048723896,2.3599026586349914,1.0,0.005649015103999999,1.124523643866417,0.609900710874097,0.08124347350450017,0.11073457151889736,0.15394235017940708
Organic Baby Spinach,Organic Avocado,0.075297,0.055168,0.009803,0.1301911098715752,2.3599026586349914,1.0,0.005649015103999999,1.0862524063883714,0.6231770724833756,0.08124347350450017,0.07940365046016139,0.15394235017940708
Organic Avocado,Organic Strawberries,0.055168,0.082169,0.00742,0.13449825986078887,1.6368491750026026,1.0,0.0028869006079999997,1.0604611838820475,0.41178766468878536,0.057113387778350795,0.0570140470966756,0.11239997757366622
Organic Whole Milk,Organic Baby Spinach,0.043011,0.075297,0.005271,0.1225500453372393,1.627555484776808,1.0,0.0020324007329999994,1.053852695627981,0.40291123790581507,0.04663074922370551,0.051100780831509464,0.0962764171464873
Organic Whole Milk,Organic Strawberries,0.043011,0.082169,0.007394,0.17190951152030876,2.092145596518258,1.0,0.0038598291410000003,1.1083704169638093,0.5454835880884744,0.06277486288693053,0.09777454838669511,0.13094739288607776
Organic Yellow Onion,Organic Garlic,0.035491,0.034251,0.007067,0.19912090389112733,5.8135792791780485,1.0,0.005851397759,1.205861165177315,0.8584564049507152,0.1127562824092541,0.170717136534573,0.20272532304421773
Organic Garlic,Organic Yellow Onion,0.034251,0.035491,0.007067,0.20632974219730812,5.8135792791780485,1.0,0.005851397759,1.215251536160977,0.8573541662301585,0.1127562824092541,0.17712508872110902,0.20272532304421773
Organic Garlic,Organic Baby Spinach,0.034251,0.075297,0.006517,0.19027181688125896,2.5269508331176405,1.0,0.003938002453,1.1419918674911662,0.6256968869314312,0.0632528074074793,0.12433702159640334,0.13841120493318562
Organic Garlic,Organic Hass Avocado,0.034251,0.066512,0.005537,0.16165951359084407,2.430531537028567,1.0,0.0032588974880000004,1.1134950716723548,0.6094413381032323,0.058145884527334976,0.10192687382252806,0.12245382463280477
Limes,Organic Garlic,0.043857,0.034251,0.005032,0.11473653008641722,3.3498738748187566,1.0,0.0035298538930000002,1.090917035235029,0.7336573067950485,0.06885981717663801,0.08334000872526634,0.13082597430717172
Organic Garlic,Limes,0.034251,0.043857,0.005032,0.1469154185279262,3.349873874818756,1.0,0.0035298538930000002,1.1208068001300524,0.7263598494960265,0.06885981717663801,0.10778557028386569,0.13082597430717172
Organic Lemon,Organic Hass Avocado,0.027339,0.066512,0.00667,0.24397381030761917,3.668117186486937,1.0,0.004851628432,1.2347297127098553,0.74782537236791,0.07650749589933585,0.1901061505960646,0.17212823303449276
Organic Hass Avocado,Organic Lemon,0.066512,0.027339,0.00667,0.10028265576136636,3.6681171864869366,1.0,0.004851628432,1.0810739686507802,0.7792072040698367,0.07650749589933585,0.07499391438678672,0.17212823303449276
