customer_segment,product_name,purchase_count,share_pct,lift_vs_overall
Bulk Basket Customers,Banana,112868,1.42,0.97
Bulk Basket Customers,Bag of Organic Bananas,70042,0.88,0.75
Bulk Basket Customers,Organic Baby Spinach,55292,0.7,0.93
Bulk Basket Customers,Organic Strawberries,53133,0.67,0.82
Bulk Basket Customers,Organic Avocado,47880,0.6,1.1
Bulk Basket Customers,Organic Hass Avocado,45854,0.58,0.88
Bulk Basket Customers,Large Lemon,41565,0.52,1.11
Bulk Basket Customers,Limes,36960,0.46,1.07
Bulk Basket Customers,Strawberries,32636,0.41,0.93
Bulk Basket Customers,Cucumber Kirby,28658,0.36,1.2
Frequent Customers,Bag of Organic Bananas,42428,1.51,1.29
Frequent Customers,Banana,37637,1.34,0.92
Frequent Customers,Organic Baby Spinach,21736,0.77,1.04
Frequent Customers,Organic Strawberries,20604,0.73,0.9
Frequent Customers,Strawberries,18027,0.64,1.45
Frequent Customers,Organic Blueberries,12512,0.44,1.44
Frequent Customers,Raspberries,12452,0.44,2.49
Frequent Customers,Organic Hass Avocado,12319,0.44,0.66
Frequent Customers,Organic Avocado,12089,0.43,0.79
Frequent Customers,Hass Avocados,12083,0.43,2.77
Highly Loyal Customers,Banana,274857,1.52,1.04
Highly Loyal Customers,Bag of Organic Bananas,236455,1.31,1.12
Highly Loyal Customers,Organic Strawberries,170154,0.94,1.15
Highly Loyal Customers,Organic Baby Spinach,140530,0.78,1.04
Highly Loyal Customers,Organic Hass Avocado,139917,0.77,1.18
Highly Loyal Customers,Organic Avocado,96236,0.53,0.98
Highly Loyal Customers,Organic Raspberries,91647,0.51,1.2
Highly Loyal Customers,Organic Whole Milk,89404,0.49,1.16
Highly Loyal Customers,Large Lemon,82656,0.46,0.97
Highly Loyal Customers,Limes,80347,0.44,1.03
Occasional Customers,Bag of Organic Bananas,8335,1.54,1.32
Occasional Customers,Banana,5347,0.99,0.68
Occasional Customers,Organic Baby Spinach,4428,0.82,1.1
Occasional Customers,Soda,4026,0.74,6.75
Occasional Customers,Organic Strawberries,3973,0.73,0.9
Occasional Customers,Strawberries,3814,0.71,1.6
Occasional Customers,Hass Avocados,3410,0.63,4.07
Occasional Customers,Raspberries,3316,0.61,3.45
Occasional Customers,Spring Water,2811,0.52,3.01
Occasional Customers,Organic Blueberries,2495,0.46,1.5
Regular Customers,Banana,41856,1.37,0.94
Regular Customers,Bag of Organic Bananas,22190,0.73,0.62
Regular Customers,Organic Baby Spinach,19935,0.65,0.87
Regular Customers,Organic Avocado,18735,0.61,1.12
Regular Customers,Organic Strawberries,16819,0.55,0.67
Regular Customers,Large Lemon,16589,0.54,1.15
Regular Customers,Organic Hass Avocado,13905,0.46,0.69
Regular Customers,Limes,13801,0.45,1.04
Regular Customers,Strawberries,12876,0.42,0.96
Regular Customers,Cucumber Kirby,10620,0.35,1.16
